SNP,BetaXG,seBetaXG,Beta_Primary,se_Primary,Beta_Aux1,se_Aux1,Beta_Aux2,se_Aux2
rs1000,-0.062323,0.001826,-0.02315,0.001826,-0.036606,0.001826,-0.018224,0.001826
rs1001,-0.036333,0.001826,-0.01508,0.001826,-0.018754,0.001826,0.002147,0.001826
rs1002,-0.053413,0.001826,-0.007308,0.001826,-0.030953,0.001826,-0.016519,0.001826
rs1003,0.053596,0.001826,0.020361,0.001826,0.030765,0.001826,0.010639,0.001826
rs1004,-0.060257,0.001826,-0.025698,0.001826,-0.030996,0.001826,-0.027687,0.001826
rs1005,-0.025866,0.001826,-0.008982,0.001826,-0.013731,0.001826,-0.009496,0.001826
rs1006,0.030912,0.001826,0.023232,0.001826,0.017627,0.001826,0.010842,0.001826
rs1007,-0.055648,0.001826,-0.023054,0.001826,-0.029261,0.001826,-0.0045,0.001826
rs1008,0.046771,0.001826,0.015831,0.001826,0.024671,0.001826,0.008458,0.001826
rs1009,0.028827,0.001826,0.015765,0.001826,0.015828,0.001826,0.016712,0.001826
rs1010,-0.035083,0.001826,-0.008704,0.001826,-0.012608,0.001826,-0.012165,0.001826
rs1011,-0.030757,0.001826,-0.014165,0.001826,-0.013796,0.001826,-0.009171,0.001826
rs1012,-0.026313,0.001826,-0.012247,0.001826,-0.015557,0.001826,-0.007584,0.001826
rs1013,0.025569,0.001826,0.008864,0.001826,0.00572,0.001826,0.008155,0.001826
rs1014,-0.060434,0.001826,-0.020716,0.001826,-0.031354,0.001826,-0.016429,0.001826
rs1015,-0.035292,0.001826,-0.013818,0.001826,-0.023608,0.001826,-0.010796,0.001826
rs1016,-0.02184,0.001826,-0.009007,0.001826,-0.011038,0.001826,-0.017509,0.001826
rs1017,-0.036881,0.001826,-0.016195,0.001826,-0.025762,0.001826,-0.010719,0.001826
rs1018,-0.032334,0.001826,-0.010719,0.001826,-0.018763,0.001826,-0.009348,0.001826
rs1019,0.027405,0.001826,0.010672,0.001826,0.0261,0.001826,0.008274,0.001826
rs1020,0.029863,0.001826,0.020538,0.001826,0.021262,0.001826,0.005752,0.001826
rs1021,-0.042927,0.001826,-0.017108,0.001826,-0.02698,0.001826,-0.009296,0.001826
rs1022,-0.044021,0.001826,-0.019653,0.001826,-0.02269,0.001826,-0.023761,0.001826
rs1023,-0.054616,0.001826,-0.023249,0.001826,-0.031273,0.001826,-0.018445,0.001826
rs1024,0.022456,0.001826,0.010301,0.001826,0.01167,0.001826,0.011067,0.001826
rs1025,0.041453,0.001826,0.021135,0.001826,0.029159,0.001826,0.01115,0.001826
rs1026,0.035246,0.001826,0.013494,0.001826,0.018994,0.001826,0.00772,0.001826
rs1027,0.038286,0.001826,-0.003698,0.001826,0.001051,0.001826,0.014319,0.001826
rs1028,0.055289,0.001826,0.02437,0.001826,0.028996,0.001826,0.019178,0.001826
rs1029,0.054689,0.001826,0.026595,0.001826,0.031171,0.001826,0.025505,0.001826
rs1030,-0.049288,0.001826,-0.003416,0.001826,-0.016554,0.001826,-0.013659,0.001826
rs1031,0.049269,0.001826,0.022327,0.001826,0.030178,0.001826,0.017274,0.001826
rs1032,-0.028691,0.001826,-0.012848,0.001826,-0.018774,0.001826,-0.010952,0.001826
rs1033,0.040309,0.001826,0.015393,0.001826,0.017856,0.001826,0.0097,0.001826
rs1034,0.054258,0.001826,0.021844,0.001826,0.024978,0.001826,0.015454,0.001826
rs1035,-0.051969,0.001826,-0.021136,0.001826,-0.028623,0.001826,-0.014066,0.001826
rs1036,0.043112,0.001826,0.015829,0.001826,0.018236,0.001826,0.003175,0.001826
rs1037,0.055733,0.001826,0.032626,0.001826,0.036514,0.001826,0.018742,0.001826
rs1038,0.054542,0.001826,0.022214,0.001826,0.028014,0.001826,0.015495,0.001826
rs1039,0.036229,0.001826,0.009159,0.001826,0.013752,0.001826,0.012261,0.001826
rs1040,-0.039412,0.001826,-0.016391,0.001826,-0.023022,0.001826,-0.011676,0.001826
rs1041,0.035211,0.001826,0.013512,0.001826,0.011829,0.001826,0.020992,0.001826
rs1042,0.049482,0.001826,0.018334,0.001826,0.028672,0.001826,0.017988,0.001826
rs1043,0.042229,0.001826,0.003632,0.001826,0.009656,0.001826,0.014464,0.001826
rs1044,-0.043601,0.001826,-0.017786,0.001826,-0.021341,0.001826,-0.032417,0.001826
rs1045,-0.036999,0.001826,-0.007974,0.001826,-0.014916,0.001826,-0.019209,0.001826
rs1046,-0.026491,0.001826,-0.009505,0.001826,-0.018662,0.001826,-0.00489,0.001826
rs1047,0.058109,0.001826,0.024955,0.001826,0.033476,0.001826,0.011524,0.001826
rs1048,-0.042906,0.001826,-0.015802,0.001826,-0.015196,0.001826,-0.001188,0.001826
rs1049,0.058585,0.001826,0.022269,0.001826,0.036064,0.001826,0.018823,0.001826
rs1050,-0.0318,0.001826,-0.008024,0.001826,-0.017916,0.001826,-0.003122,0.001826
rs1051,-0.058861,0.001826,-0.017812,0.001826,-0.0275,0.001826,-0.017935,0.001826
rs1052,-0.031248,0.001826,-0.011605,0.001826,-0.019455,0.001826,-0.014243,0.001826
rs1053,0.03142,0.001826,0.014021,0.001826,0.020088,0.001826,0.010494,0.001826
rs1054,0.048654,0.001826,0.01698,0.001826,0.02761,0.001826,0.012586,0.001826
rs1055,-0.049385,0.001826,-0.0191,0.001826,-0.030931,0.001826,-0.014572,0.001826
rs1056,0.057701,0.001826,0.021923,0.001826,0.028538,0.001826,0.020912,0.001826
rs1057,0.057848,0.001826,0.048226,0.001826,0.051957,0.001826,0.015405,0.001826
rs1058,-0.057797,0.001826,-0.020852,0.001826,-0.03417,0.001826,-0.012196,0.001826
rs1059,-0.04633,0.001826,-0.017755,0.001826,-0.02842,0.001826,-0.014425,0.001826
rs1060,-0.037279,0.001826,-0.01462,0.001826,-0.022369,0.001826,-0.00854,0.001826
rs1061,-0.025169,0.001826,-0.0103,0.001826,-0.016752,0.001826,-0.009003,0.001826
rs1062,-0.034535,0.001826,-0.010644,0.001826,-0.019694,0.001826,-0.025851,0.001826
rs1063,-0.031681,0.001826,-0.014386,0.001826,-0.015986,0.001826,-0.017488,0.001826
rs1064,-0.04581,0.001826,-0.018558,0.001826,-0.023266,0.001826,-0.012952,0.001826
rs1065,-0.044272,0.001826,-0.018159,0.001826,-0.021768,0.001826,-0.015207,0.001826
rs1066,0.022793,0.001826,0.010053,0.001826,0.015389,0.001826,0.00662,0.001826
rs1067,0.039603,0.001826,0.014881,0.001826,0.021921,0.001826,0.011518,0.001826
rs1068,-0.053927,0.001826,-0.011205,0.001826,-0.029976,0.001826,-0.026655,0.001826
rs1069,-0.047283,0.001826,-0.020896,0.001826,-0.025059,0.001826,-0.014425,0.001826
rs1070,-0.02251,0.001826,-0.018571,0.001826,-0.009441,0.001826,-0.000652,0.001826
rs1071,-0.022495,0.001826,-0.009946,0.001826,-0.011575,0.001826,0.004562,0.001826
rs1072,0.026763,0.001826,0.008327,0.001826,0.015658,0.001826,0.00539,0.001826
rs1073,-0.054175,0.001826,-0.020773,0.001826,-0.029132,0.001826,-0.012327,0.001826
rs1074,0.058608,0.001826,0.016443,0.001826,0.037848,0.001826,0.04052,0.001826
rs1075,-0.036251,0.001826,0.000153,0.001826,-0.007747,0.001826,-0.015213,0.001826
rs1076,-0.057345,0.001826,-0.023508,0.001826,-0.027901,0.001826,-0.021163,0.001826
rs1077,-0.054017,0.001826,-0.02235,0.001826,-0.027817,0.001826,-0.014338,0.001826
rs1078,0.024376,0.001826,0.010079,0.001826,0.016151,0.001826,0.009354,0.001826
rs1079,0.04697,0.001826,0.028222,0.001826,0.032521,0.001826,-0.011107,0.001826
rs1080,-0.045303,0.001826,-0.015943,0.001826,-0.025998,0.001826,-0.002991,0.001826
rs1081,0.043473,0.001826,0.016817,0.001826,0.024895,0.001826,0.009989,0.001826
rs1082,-0.050919,0.001826,-0.019404,0.001826,-0.026432,0.001826,-0.013919,0.001826
rs1083,0.061177,0.001826,0.023816,0.001826,0.028467,0.001826,0.017104,0.001826
rs1084,-0.027338,0.001826,-0.014103,0.001826,-0.013162,0.001826,-0.007617,0.001826
rs1085,0.059313,0.001826,0.021227,0.001826,0.029933,0.001826,0.015429,0.001826
rs1086,0.032445,0.001826,0.014328,0.001826,0.017637,0.001826,0.012055,0.001826
rs1087,-0.051628,0.001826,-0.006508,0.001826,-0.026353,0.001826,-0.016797,0.001826
rs1088,-0.031177,0.001826,-0.011344,0.001826,-0.017915,0.001826,-0.009439,0.001826
rs1089,-0.032146,0.001826,-0.010175,0.001826,-0.013645,0.001826,-0.008314,0.001826
rs1090,-0.020765,0.001826,-0.005121,0.001826,-0.009096,0.001826,-0.003548,0.001826
rs1091,-0.047988,0.001826,-0.017321,0.001826,-0.028528,0.001826,-0.01592,0.001826
rs1092,-0.032179,0.001826,-0.011213,0.001826,-0.019828,0.001826,-0.01264,0.001826
rs1093,0.039778,0.001826,0.015313,0.001826,0.019292,0.001826,-0.014949,0.001826
rs1094,0.057484,0.001826,0.02525,0.001826,0.034081,0.001826,0.020684,0.001826
rs1095,0.031772,0.001826,0.02723,0.001826,0.03509,0.001826,0.009413,0.001826
rs1096,0.052062,0.001826,0.021154,0.001826,0.028582,0.001826,0.021933,0.001826
rs1097,-0.04188,0.001826,-0.014361,0.001826,-0.024081,0.001826,-0.015796,0.001826
rs1098,0.023152,0.001826,0.013552,0.001826,0.01425,0.001826,0.016249,0.001826
rs1099,0.028456,0.001826,0.009072,0.001826,0.005939,0.001826,0.006366,0.001826
rs1100,-0.024641,0.001826,-0.010497,0.001826,-0.013827,0.001826,-0.006418,0.001826
rs1101,-0.031733,0.001826,-0.015506,0.001826,-0.016453,0.001826,-0.008147,0.001826
rs1102,0.054174,0.001826,0.020809,0.001826,0.029063,0.001826,0.019413,0.001826
rs1103,0.054086,0.001826,0.01592,0.001826,0.024037,0.001826,0.014668,0.001826
rs1104,-0.044046,0.001826,-0.014356,0.001826,-0.022824,0.001826,-0.011932,0.001826
rs1105,-0.032722,0.001826,-0.012228,0.001826,-0.021665,0.001826,-0.010324,0.001826
rs1106,0.048934,0.001826,0.01876,0.001826,0.029587,0.001826,0.011501,0.001826
rs1107,-0.046309,0.001826,-0.016335,0.001826,-0.028297,0.001826,-0.014427,0.001826
rs1108,-0.044182,0.001826,-0.018641,0.001826,-0.024428,0.001826,-0.012802,0.001826
rs1109,-0.019608,0.001826,-0.007855,0.001826,-0.011379,0.001826,-0.003357,0.001826
rs1110,-0.031914,0.001826,0.008,0.001826,0.001137,0.001826,-0.009957,0.001826
rs1111,-0.040378,0.001826,-0.012314,0.001826,-0.017178,0.001826,-0.006968,0.001826
rs1112,0.046714,0.001826,0.020408,0.001826,0.022726,0.001826,0.015899,0.001826
rs1113,-0.041616,0.001826,-0.015799,0.001826,-0.023684,0.001826,-0.0145,0.001826
rs1114,-0.031161,0.001826,-0.014817,0.001826,-0.02037,0.001826,-0.014835,0.001826
rs1115,0.049804,0.001826,0.020143,0.001826,0.032618,0.001826,0.015866,0.001826
rs1116,-0.035277,0.001826,-0.016686,0.001826,-0.019691,0.001826,0.001861,0.001826
rs1117,-0.041695,0.001826,-0.017796,0.001826,-0.027883,0.001826,-0.010889,0.001826
rs1118,0.048694,0.001826,0.009623,0.001826,0.025872,0.001826,0.025849,0.001826
rs1119,0.029421,0.001826,0.013453,0.001826,0.014991,0.001826,0.022064,0.001826
rs1120,0.041744,0.001826,0.014229,0.001826,0.025864,0.001826,0.013655,0.001826
rs1121,-0.02492,0.001826,-0.006562,0.001826,-0.011945,0.001826,-0.005644,0.001826
rs1122,-0.030916,0.001826,-0.009873,0.001826,-0.014059,0.001826,-0.011815,0.001826
rs1123,0.048386,0.001826,0.011674,0.001826,0.02677,0.001826,0.015469,0.001826
rs1124,-0.057265,0.001826,-0.023483,0.001826,-0.032919,0.001826,-0.018232,0.001826
rs1125,0.034249,0.001826,0.008533,0.001826,0.013202,0.001826,0.008189,0.001826
rs1126,-0.043293,0.001826,-0.01798,0.001826,-0.02567,0.001826,-0.011582,0.001826
rs1127,-0.043423,0.001826,-0.013189,0.001826,-0.024875,0.001826,-0.012407,0.001826
rs1128,0.035141,0.001826,0.009159,0.001826,0.011204,0.001826,0.010567,0.001826
rs1129,0.045354,0.001826,0.018718,0.001826,0.023721,0.001826,0.016873,0.001826
rs1130,-0.042651,0.001826,-0.017582,0.001826,-0.020412,0.001826,-0.021585,0.001826
rs1131,-0.028283,0.001826,-0.009944,0.001826,-0.017179,0.001826,-0.007406,0.001826
rs1132,0.026265,0.001826,0.008383,0.001826,0.007433,0.001826,0.006952,0.001826
rs1133,-0.037608,0.001826,-0.018035,0.001826,-0.021857,0.001826,-0.010391,0.001826
rs1134,-0.034566,0.001826,-0.01468,0.001826,-0.020577,0.001826,-0.011827,0.001826
rs1135,-0.043326,0.001826,-0.014091,0.001826,-0.027701,0.001826,-0.015887,0.001826
rs1136,0.028431,0.001826,0.013385,0.001826,0.016715,0.001826,0.001328,0.001826
rs1137,0.059966,0.001826,0.02231,0.001826,0.032266,0.001826,0.017076,0.001826
rs1138,0.032142,0.001826,0.002963,0.001826,0.017801,0.001826,0.008446,0.001826
rs1139,0.044627,0.001826,0.015667,0.001826,0.020132,0.001826,0.008474,0.001826
rs1140,-0.033567,0.001826,-0.014386,0.001826,-0.019759,0.001826,-0.011862,0.001826
rs1141,0.025276,0.001826,0.005198,0.001826,0.01351,0.001826,0.005031,0.001826
rs1142,-0.053339,0.001826,-0.019038,0.001826,-0.030254,0.001826,-0.017062,0.001826
rs1143,0.032605,0.001826,0.012994,0.001826,0.021822,0.001826,0.008866,0.001826
rs1144,-0.034812,0.001826,-0.014466,0.001826,-0.02505,0.001826,-0.011578,0.001826
rs1145,0.019832,0.001826,0.00859,0.001826,0.011106,0.001826,0.010538,0.001826
rs1146,-0.041961,0.001826,-0.012891,0.001826,-0.027502,0.001826,-0.006663,0.001826
rs1147,0.05872,0.001826,0.035407,0.001826,0.045391,0.001826,0.013934,0.001826
rs1148,-0.05814,0.001826,-0.022626,0.001826,-0.03334,0.001826,-0.014587,0.001826
rs1149,0.02698,0.001826,0.01298,0.001826,0.017408,0.001826,0.006407,0.001826
rs1150,0.043761,0.001826,0.03486,0.001826,0.039542,0.001826,0.011364,0.001826
rs1151,-0.053355,0.001826,-0.022477,0.001826,-0.036848,0.001826,-0.017601,0.001826
rs1152,-0.040584,0.001826,-0.015738,0.001826,-0.02268,0.001826,-0.00212,0.001826
rs1153,0.047237,0.001826,0.019681,0.001826,0.024729,0.001826,0.013547,0.001826
rs1154,0.026209,0.001826,0.010733,0.001826,0.012281,0.001826,0.007162,0.001826
rs1155,-0.032542,0.001826,-0.012738,0.001826,-0.017066,0.001826,-0.003808,0.001826
rs1156,-0.048856,0.001826,-0.007627,0.001826,-0.028353,0.001826,-0.029294,0.001826
rs1157,0.037748,0.001826,0.012719,0.001826,0.028059,0.001826,0.01215,0.001826
rs1158,-0.050907,0.001826,-0.019696,0.001826,-0.025495,0.001826,-0.011441,0.001826
rs1159,-0.03692,0.001826,-0.014539,0.001826,-0.022231,0.001826,-0.018884,0.001826
rs1160,0.030078,0.001826,0.011839,0.001826,0.015421,0.001826,0.013669,0.001826
rs1161,0.049238,0.001826,0.026813,0.001826,0.025722,0.001826,0.014693,0.001826
rs1162,0.026041,0.001826,0.012266,0.001826,0.015619,0.001826,0.009309,0.001826
rs1163,-0.023315,0.001826,-0.008428,0.001826,-0.011229,0.001826,-0.010366,0.001826
rs1164,0.032189,0.001826,0.022182,0.001826,0.02833,0.001826,0.010047,0.001826
rs1165,-0.057863,0.001826,-0.024878,0.001826,-0.034608,0.001826,-0.013747,0.001826
rs1166,0.044218,0.001826,0.018849,0.001826,0.027957,0.001826,0.014083,0.001826
rs1167,0.058497,0.001826,0.020375,0.001826,0.029116,0.001826,0.017309,0.001826
rs1168,0.034132,0.001826,0.012773,0.001826,0.018751,0.001826,0.011073,0.001826
rs1169,-0.03965,0.001826,-0.01574,0.001826,-0.02153,0.001826,-0.011362,0.001826
rs1170,-0.027052,0.001826,-0.021129,0.001826,-0.01466,0.001826,-0.0094,0.001826
rs1171,-0.048435,0.001826,-0.019327,0.001826,-0.026386,0.001826,-0.016431,0.001826
rs1172,-0.031801,0.001826,-0.01081,0.001826,-0.017159,0.001826,-0.008034,0.001826
rs1173,0.022062,0.001826,0.013181,0.001826,0.023955,0.001826,0.012933,0.001826
rs1174,-0.046659,0.001826,-0.033371,0.001826,-0.034062,0.001826,0.016686,0.001826
rs1175,-0.03966,0.001826,-0.026509,0.001826,-0.017176,0.001826,-0.012227,0.001826
rs1176,0.028324,0.001826,0.021879,0.001826,0.030795,0.001826,0.006698,0.001826
rs1177,-0.036341,0.001826,-0.020291,0.001826,-0.026248,0.001826,-0.009017,0.001826
rs1178,-0.039081,0.001826,-0.02127,0.001826,-0.01991,0.001826,-0.009121,0.001826
rs1179,-0.029744,0.001826,-0.00704,0.001826,-0.01099,0.001826,-0.008037,0.001826
rs1180,-0.053466,0.001826,-0.027148,0.001826,-0.030797,0.001826,-0.020007,0.001826
rs1181,-0.042716,0.001826,-0.018472,0.001826,-0.024818,0.001826,-0.012556,0.001826
rs1182,-0.041116,0.001826,-0.013361,0.001826,-0.020525,0.001826,0.002221,0.001826
rs1183,-0.040659,0.001826,-0.016361,0.001826,-0.022376,0.001826,-0.012746,0.001826
rs1184,-0.050746,0.001826,-0.022948,0.001826,-0.022122,0.001826,-0.014314,0.001826
rs1185,-0.025602,0.001826,-0.007294,0.001826,-0.015373,0.001826,-0.009249,0.001826
rs1186,0.047556,0.001826,0.015703,0.001826,0.026734,0.001826,0.011836,0.001826
rs1187,0.061544,0.001826,0.023479,0.001826,0.033659,0.001826,0.018048,0.001826
rs1188,-0.044585,0.001826,-0.018346,0.001826,-0.026842,0.001826,-0.013531,0.001826
rs1189,0.06058,0.001826,0.022502,0.001826,0.030798,0.001826,0.017749,0.001826
rs1190,-0.034335,0.001826,-0.008362,0.001826,-0.015455,0.001826,-0.013775,0.001826
rs1191,-0.025074,0.001826,-0.010475,0.001826,-0.012567,0.001826,-0.005771,0.001826
rs1192,-0.018845,0.001826,-0.005834,0.001826,-0.009805,0.001826,-0.005704,0.001826
rs1193,-0.045643,0.001826,-0.016776,0.001826,-0.022986,0.001826,-0.010531,0.001826
rs1194,0.030683,0.001826,0.009274,0.001826,0.017743,0.001826,0.010436,0.001826
rs1195,0.029147,0.001826,0.033416,0.001826,0.03615,0.001826,0.00457,0.001826
rs1196,-0.054798,0.001826,-0.008105,0.001826,-0.019049,0.001826,-0.021418,0.001826
rs1197,0.024647,0.001826,0.007341,0.001826,0.008383,0.001826,0.006855,0.001826
rs1198,-0.024546,0.001826,-0.017724,0.001826,-0.018296,0.001826,-0.017462,0.001826
rs1199,0.017931,0.001826,-0.003292,0.001826,0.014627,0.001826,0.004376,0.001826
rs1200,-0.038456,0.001826,-0.014102,0.001826,-0.021243,0.001826,-0.011256,0.001826
rs1201,0.034524,0.001826,0.009842,0.001826,0.020434,0.001826,0.009739,0.001826
rs1202,-0.048859,0.001826,-0.012946,0.001826,-0.021402,0.001826,-0.01446,0.001826
rs1203,0.017735,0.001826,0.011848,0.001826,0.009583,0.001826,0.022045,0.001826
rs1204,0.054259,0.001826,0.020054,0.001826,0.030049,0.001826,0.014326,0.001826
rs1205,0.058322,0.001826,0.023796,0.001826,0.030031,0.001826,0.015892,0.001826
rs1206,-0.043193,0.001826,-0.014437,0.001826,-0.021843,0.001826,-0.014556,0.001826
rs1207,0.043482,0.001826,0.016563,0.001826,0.012761,0.001826,0.008711,0.001826
rs1208,0.054909,0.001826,0.021789,0.001826,0.02869,0.001826,0.016542,0.001826
rs1209,0.021092,0.001826,0.001338,0.001826,0.009546,0.001826,0.007288,0.001826
rs1210,0.04677,0.001826,0.015521,0.001826,0.019108,0.001826,0.013278,0.001826
rs1211,0.056307,0.001826,0.025699,0.001826,0.026156,0.001826,0.019241,0.001826
rs1212,0.021105,0.001826,0.020437,0.001826,0.028783,0.001826,0.012534,0.001826
rs1213,-0.052437,0.001826,-0.020089,0.001826,-0.030269,0.001826,-0.017037,0.001826
rs1214,0.033053,0.001826,0.013569,0.001826,0.021625,0.001826,-0.008386,0.001826
rs1215,-0.026666,0.001826,-0.003238,0.001826,-0.012306,0.001826,-0.005873,0.001826
rs1216,-0.022792,0.001826,-0.0078,0.001826,-0.011049,0.001826,-0.006352,0.001826
rs1217,0.058196,0.001826,0.025719,0.001826,0.034594,0.001826,0.017936,0.001826
rs1218,0.054592,0.001826,0.019137,0.001826,0.029359,0.001826,0.000328,0.001826
rs1219,-0.04761,0.001826,-0.018476,0.001826,-0.027427,0.001826,-0.015663,0.001826
rs1220,0.044229,0.001826,0.02203,0.001826,0.023938,0.001826,0.013882,0.001826
rs1221,-0.031195,0.001826,-0.011706,0.001826,-0.017077,0.001826,-0.007907,0.001826
rs1222,-0.04032,0.001826,-0.016819,0.001826,-0.020273,0.001826,-0.012968,0.001826
rs1223,-0.025159,0.001826,-0.012735,0.001826,-0.016626,0.001826,-0.00645,0.001826
rs1224,0.022081,0.001826,0.009524,0.001826,0.022887,0.001826,0.006117,0.001826
rs1225,-0.045787,0.001826,-0.017412,0.001826,-0.025346,0.001826,-0.014255,0.001826
rs1226,0.037995,0.001826,0.012044,0.001826,0.023103,0.001826,-0.0007,0.001826
rs1227,-0.056686,0.001826,-0.022151,0.001826,-0.03116,0.001826,-0.016073,0.001826
rs1228,-0.028197,0.001826,-0.010917,0.001826,-0.012963,0.001826,-0.007632,0.001826
rs1229,0.039261,0.001826,0.016809,0.001826,0.018584,0.001826,0.015045,0.001826
rs1230,-0.046958,0.001826,-0.021467,0.001826,-0.025376,0.001826,-0.01407,0.001826
rs1231,0.034504,0.001826,0.016377,0.001826,0.010179,0.001826,0.008635,0.001826
rs1232,-0.032655,0.001826,-0.014097,0.001826,-0.017667,0.001826,-0.012363,0.001826
rs1233,0.055275,0.001826,0.02424,0.001826,0.034634,0.001826,0.014155,0.001826
rs1234,0.030724,0.001826,0.010751,0.001826,0.016546,0.001826,0.009616,0.001826
rs1235,-0.031404,0.001826,-0.012951,0.001826,-0.018144,0.001826,-0.008385,0.001826
rs1236,-0.046088,0.001826,-0.025197,0.001826,-0.02471,0.001826,-0.011499,0.001826
rs1237,0.047793,0.001826,0.023796,0.001826,0.027916,0.001826,0.008403,0.001826
rs1238,0.04532,0.001826,0.048033,0.001826,0.050937,0.001826,0.024563,0.001826
rs1239,0.036789,0.001826,0.020309,0.001826,0.017843,0.001826,0.011023,0.001826
rs1240,-0.023523,0.001826,-0.007126,0.001826,-0.011886,0.001826,-0.006518,0.001826
rs1241,-0.018609,0.001826,-0.009089,0.001826,-0.015842,0.001826,-0.005515,0.001826
rs1242,-0.021915,0.001826,-0.008307,0.001826,-0.019948,0.001826,-0.002988,0.001826
rs1243,0.058698,0.001826,0.024487,0.001826,0.031358,0.001826,0.014931,0.001826
rs1244,0.021156,0.001826,0.011996,0.001826,0.007313,0.001826,0.006174,0.001826
rs1245,0.028477,0.001826,0.014218,0.001826,0.024731,0.001826,0.011706,0.001826
rs1246,-0.03459,0.001826,-0.015691,0.001826,-0.01583,0.001826,-0.008672,0.001826
rs1247,-0.029198,0.001826,-0.014662,0.001826,-0.009335,0.001826,-0.009698,0.001826
rs1248,0.022891,0.001826,0.008214,0.001826,0.012795,0.001826,0.009172,0.001826
rs1249,-0.054095,0.001826,-0.022845,0.001826,-0.030001,0.001826,-0.016471,0.001826
